{
  "n_arms": 3,
  "arm_names": [
    "Ad_Creative_A",
    "Ad_Creative_B",
    "Ad_Creative_C"
  ],
  "counts": [
    232.0,
    565.0,
    203.0
  ],
  "values": [
    0.07758620689655175,
    0.0991150442477876,
    0.12807881773399019
  ],
  "total_reward": 100.0,
  "total_pulls": 1000,
  "timestamp": "2026-02-21T12:35:05.189399",
  "algorithm": "epsilon_greedy",
  "epsilon": 0.1
}